model,roc_auc,roc_auc_std,balanced_acc,balanced_acc_std,f1_macro,f1_macro_std,fisher_ratio
Logistic Regression,0.9593125836116491,0.01658235067355335,0.9080292909732162,0.019711505108139644,0.907575795675713,0.019683903697969206,3.8000125881880136
Random Forest,0.9552225901914376,0.015990672421690486,0.9015468739767805,0.026888391410832466,0.9011448512580895,0.026946671833748468,3.8000125881880136
